timestamp,value
2021-02-16 09:47:00,6.341498178334668
2021-02-16 09:48:00,-2.2926048986686327
2021-02-16 09:49:00,15.009510817028
2021-02-16 09:50:00,0.6468126527619827
2021-02-16 09:51:00,-0.7749152941032007
2021-02-16 09:52:00,13.96325383728829
2021-02-16 09:53:00,8.799533435176407
2021-02-16 09:54:00,-8.670454347442526
2021-02-16 09:55:00,4.154985758092901
2021-02-16 09:56:00,8.578189686460414
2021-02-16 09:57:00,9.960077750084055
2021-02-16 09:58:00,-3.2886949647571693
2021-02-16 09:59:00,-6.35791167133416
2021-02-16 10:00:00,-7.755426651273417
2021-02-16 10:01:00,-9.987359885930656
2021-02-16 10:02:00,1.186058441179144
2021-02-16 10:03:00,-6.718473349593596
2021-02-16 10:04:00,-11.25591973270998
2021-02-16 10:05:00,10.12447727222321
2021-02-16 10:06:00,7.047104064954109
2021-02-16 10:07:00,5.65910998560201
2021-02-16 10:08:00,10.237677040404222
2021-02-16 10:09:00,8.365240094797326
2021-02-16 10:10:00,-4.736337032358531
2021-02-16 10:11:00,13.80285299588171
2021-02-16 10:12:00,2.096054846430937
2021-02-16 10:13:00,1.5998007656418518
2021-02-16 10:14:00,5.32551518127884
2021-02-16 10:15:00,-5.391937985667976
2021-02-16 10:16:00,10.667852875975392
2021-02-16 10:17:00,14.00998402414187
2021-02-16 10:18:00,5.103754651752519
2021-02-16 10:19:00,11.509315637321231
2021-02-16 10:20:00,-10.027621197828196
2021-02-16 10:21:00,1.3512195866267516
2021-02-16 10:22:00,12.062931252691287
2021-02-16 10:23:00,10.452026608219018
2021-02-16 10:24:00,2.5308092532732767
2021-02-16 10:25:00,-1.1508728978482403
2021-02-16 10:26:00,-3.4482663203375146
2021-02-16 10:27:00,-7.989908529501733
2021-02-16 10:28:00,-11.181528197419356
2021-02-16 10:29:00,6.800457211805542
2021-02-16 10:30:00,1.908861609424122
2021-02-16 10:31:00,-4.809080833041204
2021-02-16 10:32:00,-2.5552476853417527
2021-02-16 10:33:00,14.714790709900033
2021-02-16 10:34:00,0.6154157364690582
2021-02-16 10:35:00,10.84493194486857
2021-02-16 10:36:00,-0.768168823104743
2021-02-16 10:37:00,-10.506840746677868
2021-02-16 10:38:00,-0.1734571859154122
2021-02-16 10:39:00,12.262949542836754
2021-02-16 10:40:00,-12.52990015747804
2021-02-16 10:41:00,-7.280364934339273
2021-02-16 10:42:00,8.126090959525095
2021-02-16 10:43:00,12.112817239829967
2021-02-16 10:44:00,-0.7161408136700296
2021-02-16 10:45:00,0.963555502363392
2021-02-16 10:46:00,0.8598773265721992
2021-02-16 10:47:00,-4.589219963849336
2021-02-16 10:48:00,-13.793152448384918
2021-02-16 10:49:00,-6.056243896311136
2021-02-16 10:50:00,2.4387220737604896
2021-02-16 10:51:00,10.065843428935157
2021-02-16 10:52:00,-3.234678259075897
2021-02-16 10:53:00,-6.481927237593954
2021-02-16 10:54:00,0.8475387181593399
2021-02-16 10:55:00,-7.6486433170087
2021-02-16 10:56:00,4.884652173759054
2021-02-16 10:57:00,9.397037387495129
2021-02-16 10:58:00,-3.6165991182427297
2021-02-16 10:59:00,18.272552179373434
2021-02-16 11:00:00,-5.251798435206334
2021-02-16 11:01:00,-3.2478392471074264
2021-02-16 11:02:00,-2.497252214898886
2021-02-16 11:03:00,-16.165446865125215
2021-02-16 11:04:00,-0.2843157998159749
2021-02-16 11:05:00,6.71780956386808
2021-02-16 11:06:00,5.438980789635341
2021-02-16 11:07:00,-8.610654117414072
2021-02-16 11:08:00,-1.6627669584031195
2021-02-16 11:09:00,-1.8537561086717556
2021-02-16 11:10:00,2.465345661485577
2021-02-16 11:11:00,-0.8447573859515092
2021-02-16 11:12:00,-1.957146705825898
2021-02-16 11:13:00,-3.256878699069028
2021-02-16 11:14:00,-0.6253972156791692
2021-02-16 11:15:00,-3.811233032118568
2021-02-16 11:16:00,9.802344665981286
2021-02-16 11:17:00,0.7990895384649083
2021-02-16 11:18:00,5.582392409632552
2021-02-16 11:19:00,9.883318601040832
2021-02-16 11:20:00,12.539024379320812
2021-02-16 11:21:00,8.256303755447592
2021-02-16 11:22:00,-4.446648387200527
2021-02-16 11:23:00,-2.8829766764400966
2021-02-16 11:24:00,-9.322896402374736
2021-02-16 11:25:00,9.688106618115311
2021-02-16 11:26:00,-1.7852834636430597
2021-02-16 11:27:00,6.392974384451099
2021-02-16 11:28:00,1.4015400267622875
2021-02-16 11:29:00,6.244418201513035
2021-02-16 11:30:00,12.544356125125844
2021-02-16 11:31:00,3.1367747311880785
2021-02-16 11:32:00,-4.076268821123811
2021-02-16 11:33:00,5.922338888382148
2021-02-16 11:34:00,5.056042034319583
2021-02-16 11:35:00,-12.678207658503464
2021-02-16 11:36:00,-3.8311712136754266
2021-02-16 11:37:00,3.56307675795604
2021-02-16 11:38:00,1.6409119150930656
2021-02-16 11:39:00,-7.694828524620798
2021-02-16 11:40:00,-7.245435540717644
2021-02-16 11:41:00,6.718264470746604
2021-02-16 11:42:00,7.617737693805628
2021-02-16 11:43:00,10.436336506695612
2021-02-16 11:44:00,-11.127626717963253
2021-02-16 11:45:00,4.200514721050474
2021-02-16 11:46:00,7.642870046695089
2021-02-16 11:47:00,-16.0012807049766
2021-02-16 11:48:00,-0.3846454307103424
2021-02-16 11:49:00,-4.8553751483701575
2021-02-16 11:50:00,13.664014726437005
2021-02-16 11:51:00,-8.224637651749637
2021-02-16 11:52:00,4.999143707001956
2021-02-16 11:53:00,3.466777028946082
2021-02-16 11:54:00,11.561466144807476
2021-02-16 11:55:00,-4.941006847935455
2021-02-16 11:56:00,10.467795382621714
2021-02-16 11:57:00,-1.277670036501811
2021-02-16 11:58:00,-4.016884190013325
2021-02-16 11:59:00,-4.470926247390977
2021-02-16 12:00:00,0.7927615836539494
2021-02-16 12:01:00,2.477065937055751
2021-02-16 12:02:00,-14.470453354307187
2021-02-16 12:03:00,-8.375560020557137
2021-02-16 12:04:00,-2.361940403168634
2021-02-16 12:05:00,1.805062891683956
2021-02-16 12:06:00,1.6207546978334069
2021-02-16 12:07:00,-2.2479886464808128
2021-02-16 12:08:00,1.0367709444694255
2021-02-16 12:09:00,6.24015854697973
2021-02-16 12:10:00,-0.2046879964533458
2021-02-16 12:11:00,-12.903754553740704
2021-02-16 12:12:00,-10.71223315899076
2021-02-16 12:13:00,-2.054022898900826
2021-02-16 12:14:00,11.224304164193926
2021-02-16 12:15:00,-0.706141834526367
2021-02-16 12:16:00,0.6075353134664037
2021-02-16 12:17:00,6.567784085018388
2021-02-16 12:18:00,6.795701931588686
2021-02-16 12:19:00,-13.89081453166743
2021-02-16 12:20:00,1.5706183307715922
2021-02-16 12:21:00,7.41532118612974
2021-02-16 12:22:00,-0.6462168842941729
2021-02-16 12:23:00,-8.097230314782953
2021-02-16 12:24:00,-2.3741373980507405
2021-02-16 12:25:00,-2.865329548692557
2021-02-16 12:26:00,2.4973446681382603
2021-02-16 12:27:00,-0.4113525771151993
2021-02-16 12:28:00,3.0531722951052958
2021-02-16 12:29:00,-1.8892333649957096
2021-02-16 12:30:00,-2.355217794612581
2021-02-16 12:31:00,2.477264171606155
2021-02-16 12:32:00,1.61131429459336
2021-02-16 12:33:00,-12.860721930718896
2021-02-16 12:34:00,-5.348741092630567
2021-02-16 12:35:00,11.475507901683573
2021-02-16 12:36:00,-0.3851349271164437
2021-02-16 12:37:00,2.627844560515239
2021-02-16 12:38:00,0.7402854502554382
2021-02-16 12:39:00,-11.56793323666675
2021-02-16 12:40:00,4.887347955572874
2021-02-16 12:41:00,3.511827541414985
2021-02-16 12:42:00,-6.726685544509058
2021-02-16 12:43:00,0.0250006973938773
2021-02-16 12:44:00,-5.108168107042905
2021-02-16 12:45:00,-5.573354386912451
2021-02-16 12:46:00,-4.056643698583857
2021-02-16 12:47:00,4.989675795192497
2021-02-16 12:48:00,-2.4811318303049887
2021-02-16 12:49:00,8.222680850672102
2021-02-16 12:50:00,2.753763056157298
2021-02-16 12:51:00,5.676007484871551
2021-02-16 12:52:00,3.1344765234715166
2021-02-16 12:53:00,-2.930598546006925
2021-02-16 12:54:00,6.893062111348304
2021-02-16 12:55:00,7.230927204413517
2021-02-16 12:56:00,-0.1238930336771034
2021-02-16 12:57:00,-6.026347787253844
2021-02-16 12:58:00,10.184284247349924
2021-02-16 12:59:00,-3.5492020942833755
2021-02-16 13:00:00,-0.8324808141503268
2021-02-16 13:01:00,3.3445937949492888
2021-02-16 13:02:00,1.7959046987459324
2021-02-16 13:03:00,25.473771014222503
2021-02-16 13:04:00,12.147619822397267
2021-02-16 13:05:00,-7.014538003948468
2021-02-16 13:06:00,-1.392887567314164
2021-02-16 13:07:00,5.900852521246481
2021-02-16 13:08:00,2.6675489518026554
2021-02-16 13:09:00,3.103819721866289
2021-02-16 13:10:00,-1.1330242021377437
2021-02-16 13:11:00,-6.2450707937732
2021-02-16 13:12:00,3.496893246615598
2021-02-16 13:13:00,4.055675779637886
2021-02-16 13:14:00,-4.140896609652147
2021-02-16 13:15:00,3.3039907693467963
2021-02-16 13:16:00,4.192314312790239
2021-02-16 13:17:00,4.472086705521647
2021-02-16 13:18:00,-12.508194462330035
2021-02-16 13:19:00,10.603612022888612
2021-02-16 13:20:00,0.7877532585029053
2021-02-16 13:21:00,-0.1968855368516351
2021-02-16 13:22:00,-3.65862675506239
2021-02-16 13:23:00,-8.096293452733214
2021-02-16 13:24:00,6.153912595305121
2021-02-16 13:25:00,0.8098970393260978
2021-02-16 13:26:00,3.3519024321301583
2021-02-16 13:27:00,-2.103919862397451
2021-02-16 13:28:00,-8.691963310003258
2021-02-16 13:29:00,-1.971534602782743
2021-02-16 13:30:00,-2.7963644767339653
2021-02-16 13:31:00,-9.285226074538087
2021-02-16 13:32:00,2.4931004539693067
2021-02-16 13:33:00,6.7788237706096
2021-02-16 13:34:00,-6.135979588309521
2021-02-16 13:35:00,-8.934821406091388
2021-02-16 13:36:00,-7.694791265143042
2021-02-16 13:37:00,5.403518689164834
2021-02-16 13:38:00,1.5955983468696893
2021-02-16 13:39:00,4.136723685066505
2021-02-16 13:40:00,-5.232089467818652
2021-02-16 13:41:00,3.5463615509001003
2021-02-16 13:42:00,-1.3298340869631722
2021-02-16 13:43:00,-4.825128494501996
2021-02-16 13:44:00,-5.249263449372862
2021-02-16 13:45:00,-4.072643620450272
2021-02-16 13:46:00,7.362809977359952
2021-02-16 13:47:00,-1.9432600892570224
2021-02-16 13:48:00,3.300486670492655
2021-02-16 13:49:00,-8.192698569300655
2021-02-16 13:50:00,-9.890928607539635
2021-02-16 13:51:00,-0.8900340186706861
2021-02-16 13:52:00,4.203233352114888
2021-02-16 13:53:00,2.402861118380325
2021-02-16 13:54:00,3.0216455876775394
2021-02-16 13:55:00,-8.341913815218984
2021-02-16 13:56:00,-5.4253577333282
2021-02-16 13:57:00,-2.8444676428441773
2021-02-16 13:58:00,-9.909391263820016
2021-02-16 13:59:00,7.215363340224453
2021-02-16 14:00:00,7.849854709606394
2021-02-16 14:01:00,-0.0386881902582457
2021-02-16 14:02:00,-1.520958718611257
2021-02-16 14:03:00,-1.8835343800996236
2021-02-16 14:04:00,8.429219742629659
2021-02-16 14:05:00,-7.975447638497595
2021-02-16 14:06:00,7.669447985783787
2021-02-16 14:07:00,-4.178435795463793
2021-02-16 14:08:00,-4.851335055613513
2021-02-16 14:09:00,-6.677748610230177
2021-02-16 14:10:00,7.482383965354549
2021-02-16 14:11:00,5.983652437815838
2021-02-16 14:12:00,5.589392291597045
2021-02-16 14:13:00,-12.721064930002097
2021-02-16 14:14:00,8.518535265305067
2021-02-16 14:15:00,3.1061014594072565
2021-02-16 14:16:00,-2.8923750743840198
2021-02-16 14:17:00,4.19227769957506
2021-02-16 14:18:00,7.728836601307128
2021-02-16 14:19:00,-4.816852453360999
2021-02-16 14:20:00,-4.544049769970362
2021-02-16 14:21:00,-6.722796965798635
2021-02-16 14:22:00,-8.004956510398033
2021-02-16 14:23:00,-7.166340809093587
2021-02-16 14:24:00,-7.6519623769673295
2021-02-16 14:25:00,2.114512528997225
2021-02-16 14:26:00,-7.532848847736714
2021-02-16 14:27:00,-4.145603405140491
2021-02-16 14:28:00,6.793743322620347
2021-02-16 14:29:00,9.452766726848129
2021-02-16 14:30:00,3.385576447735734
2021-02-16 14:31:00,8.531893281386846
2021-02-16 14:32:00,-4.588480761121321
2021-02-16 14:33:00,-1.5358696627226411
2021-02-16 14:34:00,6.571940694310097
2021-02-16 14:35:00,5.61570624677997
2021-02-16 14:36:00,10.619599405783928
2021-02-16 14:37:00,2.843242092034516
2021-02-16 14:38:00,-0.9741835007762584
2021-02-16 14:39:00,4.854874533781455
2021-02-16 14:40:00,-4.358806867863141
2021-02-16 14:41:00,-3.903657887808483
2021-02-16 14:42:00,0.8258230464726677
2021-02-16 14:43:00,-6.827504060488566
2021-02-16 14:44:00,-0.2259290262912565
2021-02-16 14:45:00,-2.2206355475897936
2021-02-16 14:46:00,-4.748743414546691
2021-02-16 14:47:00,-3.5903686211737456
2021-02-16 14:48:00,-3.892962033643959
2021-02-16 14:49:00,3.889237102868429
2021-02-16 14:50:00,5.025536710985305
2021-02-16 14:51:00,1.1138630033843997
2021-02-16 14:52:00,8.1609990707209
2021-02-16 14:53:00,2.5772629280475723
2021-02-16 14:54:00,0.8438588026533241
2021-02-16 14:55:00,9.10357391377505
2021-02-16 14:56:00,-3.9316966403077047
2021-02-16 14:57:00,-4.6013726189516095
2021-02-16 14:58:00,4.987986010545601
2021-02-16 14:59:00,16.278422463541183
2021-02-16 15:00:00,-1.5679702419549768
2021-02-16 15:01:00,11.742892995162713
2021-02-16 15:02:00,-1.65471658173974
2021-02-16 15:03:00,2.0274142227074745
2021-02-16 15:04:00,1.7995947711345446
2021-02-16 15:05:00,4.699400772442013
2021-02-16 15:06:00,12.792341543574578
2021-02-16 15:07:00,2.63587792238805
2021-02-16 15:08:00,-1.989060130693962
2021-02-16 15:09:00,-4.123690005284402
2021-02-16 15:10:00,3.3143544157575398
2021-02-16 15:11:00,12.1667458534256
2021-02-16 15:12:00,-7.016362980836597
2021-02-16 15:13:00,-2.0038069098726106
2021-02-16 15:14:00,16.145645395626733
2021-02-16 15:15:00,9.815623767550688
2021-02-16 15:16:00,1.743989599395976
2021-02-16 15:17:00,6.516753118180599
2021-02-16 15:18:00,7.985533805940928
2021-02-16 15:19:00,-9.98800514676395
2021-02-16 15:20:00,0.3581134150230836
2021-02-16 15:21:00,5.079575876280234
2021-02-16 15:22:00,-6.285521674669441
2021-02-16 15:23:00,-1.456272247697452
2021-02-16 15:24:00,-0.8790045079017388
2021-02-16 15:25:00,1.627087275532335
2021-02-16 15:26:00,-5.043319988927468
2021-02-16 15:27:00,-5.097500804358733
2021-02-16 15:28:00,-9.00926001829008
2021-02-16 15:29:00,5.185362876005705
2021-02-16 15:30:00,-2.1720542984507225
2021-02-16 15:31:00,-3.6970357107637626
2021-02-16 15:32:00,14.432805591340392
2021-02-16 15:33:00,2.8758919015280147
2021-02-16 15:34:00,-3.3912119688039453
2021-02-16 15:35:00,-3.011714444843095
2021-02-16 15:36:00,-2.510003292940333
2021-02-16 15:37:00,-9.057095813935428
2021-02-16 15:38:00,10.014150051507352
2021-02-16 15:39:00,0.8202052770612638
2021-02-16 15:40:00,-2.311974204115072
2021-02-16 15:41:00,-9.19245638904045
2021-02-16 15:42:00,3.7291713840231617
2021-02-16 15:43:00,-2.843883206267788
2021-02-16 15:44:00,-17.44194669039985
2021-02-16 15:45:00,7.244881707523429
2021-02-16 15:46:00,5.726185850623091
2021-02-16 15:47:00,3.951607111064441
2021-02-16 15:48:00,-7.723222452430337
2021-02-16 15:49:00,-4.452923581967955
2021-02-16 15:50:00,3.445566761770232
2021-02-16 15:51:00,-1.2613557232945722
2021-02-16 15:52:00,-3.951103023272491
2021-02-16 15:53:00,-6.959175985760373
2021-02-16 15:54:00,9.908423933892426
2021-02-16 15:55:00,-0.7766540263914614
2021-02-16 15:56:00,0.1320858941405019
2021-02-16 15:57:00,5.323445021076124
2021-02-16 15:58:00,4.418225710700412
2021-02-16 15:59:00,6.64222195167458
2021-02-16 16:00:00,1.8415393584911872
2021-02-16 16:01:00,0.7523451436921083
2021-02-16 16:02:00,6.93532831087831
2021-02-16 16:03:00,-0.8651300342725174
2021-02-16 16:04:00,5.044075949945828
2021-02-16 16:05:00,2.801302022063587
2021-02-16 16:06:00,13.868493774261262
2021-02-16 16:07:00,-12.80893217259404
2021-02-16 16:08:00,-9.300928990363818
2021-02-16 16:09:00,2.4857876536191057
2021-02-16 16:10:00,-3.836454967053007
2021-02-16 16:11:00,1.9719143110038324
2021-02-16 16:12:00,1.3538004403892487
2021-02-16 16:13:00,10.785852740210949
2021-02-16 16:14:00,8.152165718720521
2021-02-16 16:15:00,-0.7280895009896216
2021-02-16 16:16:00,-7.941894444165962
2021-02-16 16:17:00,-14.517692460997663
2021-02-16 16:18:00,-1.9770479606891904
2021-02-16 16:19:00,9.939560241628234
2021-02-16 16:20:00,2.410395221302139
2021-02-16 16:21:00,-3.36266334859484
2021-02-16 16:22:00,1.5526221706167638
2021-02-16 16:23:00,-9.109291849893244
2021-02-16 16:24:00,0.88817932172451
2021-02-16 16:25:00,-2.868538528059304
2021-02-16 16:26:00,17.969531801627014
2021-02-16 16:27:00,-1.963233488798097
2021-02-16 16:28:00,-6.574681487179133
2021-02-16 16:29:00,7.35654661748541
2021-02-16 16:30:00,-1.876830628830755
2021-02-16 16:31:00,-1.9885407899501135
2021-02-16 16:32:00,-0.2648765379399546
2021-02-16 16:33:00,6.127422535330311
2021-02-16 16:34:00,10.187750044763124
2021-02-16 16:35:00,5.58447502204247
2021-02-16 16:36:00,-4.7951620809048325
2021-02-16 16:37:00,8.796220391647996
2021-02-16 16:38:00,6.5450860480846735
2021-02-16 16:39:00,-5.299552478673347
2021-02-16 16:40:00,-2.067997812594343
2021-02-16 16:41:00,-8.545368774954502
2021-02-16 16:42:00,-1.8253216094699387
2021-02-16 16:43:00,10.566272316307732
2021-02-16 16:44:00,-2.9499066886774905
2021-02-16 16:45:00,0.3099203185139152
2021-02-16 16:46:00,1.7959482360355297
2021-02-16 16:47:00,-6.336553378776443
2021-02-16 16:48:00,13.462908202653496
2021-02-16 16:49:00,-7.996938973099501
2021-02-16 16:50:00,16.543695190944295
2021-02-16 16:51:00,1.6741324906485846
2021-02-16 16:52:00,9.377211837560289
2021-02-16 16:53:00,-5.224061007440426
2021-02-16 16:54:00,2.194399596967332
2021-02-16 16:55:00,0.9889598760898785
2021-02-16 16:56:00,-0.1596366746767575
2021-02-16 16:57:00,6.5534745328915065
2021-02-16 16:58:00,-4.637085047667126
2021-02-16 16:59:00,2.316873331795472
2021-02-16 17:00:00,5.652118140191725
2021-02-16 17:01:00,0.5819994232307907
2021-02-16 17:02:00,5.317058695187809
2021-02-16 17:03:00,-5.418246747836257
2021-02-16 17:04:00,2.99417238472762
2021-02-16 17:05:00,4.668326801929171
2021-02-16 17:06:00,-3.868881820653897
2021-02-16 17:07:00,1.6596967927454591
2021-02-16 17:08:00,-3.988905035622579
2021-02-16 17:09:00,8.826590926692093
2021-02-16 17:10:00,3.852719619386981
2021-02-16 17:11:00,7.314205909128846
2021-02-16 17:12:00,-10.980491137435672
2021-02-16 17:13:00,-2.69901710686539
2021-02-16 17:14:00,-4.766760475670962
2021-02-16 17:15:00,-7.154160249873842
2021-02-16 17:16:00,-0.1443065154372999
2021-02-16 17:17:00,-5.588329308963001
2021-02-16 17:18:00,0.5045100979280153
2021-02-16 17:19:00,-0.1712396929171209
2021-02-16 17:20:00,-3.81078221551801
2021-02-16 17:21:00,-4.562020474181294
2021-02-16 17:22:00,6.067392750534955
2021-02-16 17:23:00,-0.4578341772784855
2021-02-16 17:24:00,2.7747265224851696
2021-02-16 17:25:00,-0.852653459289914
2021-02-16 17:26:00,-5.792901195870325
2021-02-16 17:27:00,5.765064222729698
2021-02-16 17:28:00,-9.14569954978762
2021-02-16 17:29:00,-1.276091490500269
2021-02-16 17:30:00,-15.944064730719326
2021-02-16 17:31:00,-0.5911477562861576
2021-02-16 17:32:00,9.734877249263713
2021-02-16 17:33:00,7.549594814943317
2021-02-16 17:34:00,-5.548723618202745
2021-02-16 17:35:00,3.079324069272188
2021-02-16 17:36:00,6.05698194928736
2021-02-16 17:37:00,-9.404442077719944
2021-02-16 17:38:00,1.4892112201783871
2021-02-16 17:39:00,0.0385952419968584
2021-02-16 17:40:00,-7.015900318943173
2021-02-16 17:41:00,-4.189358966401354
2021-02-16 17:42:00,-3.4942269205769816
2021-02-16 17:43:00,3.23328945880848
2021-02-16 17:44:00,-10.607411296605289
2021-02-16 17:45:00,-5.420159725826478
2021-02-16 17:46:00,1.5074939846725806
2021-02-16 17:47:00,4.138987047800141
2021-02-16 17:48:00,-1.094120447191304
2021-02-16 17:49:00,6.474535436439881
2021-02-16 17:50:00,4.834978676007372
2021-02-16 17:51:00,-4.860044429515664
2021-02-16 17:52:00,-3.534806676203576
2021-02-16 17:53:00,-4.111381681986478
2021-02-16 17:54:00,6.64777354177955
2021-02-16 17:55:00,11.6074515162074
2021-02-16 17:56:00,8.952913250948075
2021-02-16 17:57:00,-3.712281864895813
2021-02-16 17:58:00,1.678182694374692
2021-02-16 17:59:00,-5.605843585765655
2021-02-16 18:00:00,-4.857635490151715
2021-02-16 18:01:00,-2.7468191452354893
2021-02-16 18:02:00,7.05688298237075
2021-02-16 18:03:00,0.6859880186823647
2021-02-16 18:04:00,10.750129099845502
2021-02-16 18:05:00,12.124186056426842
2021-02-16 18:06:00,-0.0961384610945094
2021-02-16 18:07:00,-1.0045274853103532
2021-02-16 18:08:00,7.73446269650252
2021-02-16 18:09:00,6.357197619883715
2021-02-16 18:10:00,4.004075607864876
2021-02-16 18:11:00,-0.1868340283868146
2021-02-16 18:12:00,22.44888213673145
2021-02-16 18:13:00,-18.9229382791933
2021-02-16 18:14:00,-1.870311098954564
2021-02-16 18:15:00,-3.342519308087169
2021-02-16 18:16:00,3.1996867816797723
2021-02-16 18:17:00,1.280999526341176
2021-02-16 18:18:00,2.249060307003603
2021-02-16 18:19:00,-2.512864852617152
2021-02-16 18:20:00,0.291329915332761
2021-02-16 18:21:00,-4.096339742664279
2021-02-16 18:22:00,-0.7580592678804559
2021-02-16 18:23:00,-2.9694745928653647
2021-02-16 18:24:00,-3.9780959946754666
2021-02-16 18:25:00,3.4385177925770893
2021-02-16 18:26:00,11.20267334015843
2021-02-16 18:27:00,-1.9080982358027043
2021-02-16 18:28:00,-6.086199698257612
2021-02-16 18:29:00,-0.7151781300469056
2021-02-16 18:30:00,4.256284364257708
2021-02-16 18:31:00,5.396946047974176
2021-02-16 18:32:00,-4.569768515657994
2021-02-16 18:33:00,9.925847243945103
2021-02-16 18:34:00,5.495091352163401
2021-02-16 18:35:00,20.523062921383293
2021-02-16 18:36:00,0.6633912052514164
2021-02-16 18:37:00,2.661956717855944
2021-02-16 18:38:00,7.993809617289985
2021-02-16 18:39:00,-6.155718631729966
2021-02-16 18:40:00,3.217924698761332
2021-02-16 18:41:00,10.364008001435549
2021-02-16 18:42:00,-13.334595575895888
2021-02-16 18:43:00,-13.26203253915246
2021-02-16 18:44:00,-4.463507260168036
2021-02-16 18:45:00,10.084047414628715
2021-02-16 18:46:00,9.131536988890716
2021-02-16 18:47:00,-4.586074151641556
2021-02-16 18:48:00,-1.84126064975825
2021-02-16 18:49:00,4.56253087803594
2021-02-16 18:50:00,15.364802549447036
2021-02-16 18:51:00,-5.439099003138294
2021-02-16 18:52:00,0.3389254296156233
2021-02-16 18:53:00,2.73748379344749
2021-02-16 18:54:00,6.736119503395759
2021-02-16 18:55:00,-7.723296060154928
2021-02-16 18:56:00,9.975579804359043
2021-02-16 18:57:00,-4.431725447262094
2021-02-16 18:58:00,-7.838178689695351
2021-02-16 18:59:00,-8.17289506294081
2021-02-16 19:00:00,9.626538997215524
2021-02-16 19:01:00,-2.126520970022472
2021-02-16 19:02:00,1.003969144235915
2021-02-16 19:03:00,1.1379587696342055
2021-02-16 19:04:00,5.738019360862905
2021-02-16 19:05:00,-11.091780424396187
2021-02-16 19:06:00,7.775514181933406
2021-02-16 19:07:00,-5.224201570910452
2021-02-16 19:08:00,6.895308460980091
2021-02-16 19:09:00,-4.746820550647279
2021-02-16 19:10:00,1.626884184207935
2021-02-16 19:11:00,-0.3299643189338896
2021-02-16 19:12:00,-4.127438929551891
2021-02-16 19:13:00,10.576314450568317
2021-02-16 19:14:00,-2.287208813505893
2021-02-16 19:15:00,20.1819083391404
2021-02-16 19:16:00,1.001983640012495
2021-02-16 19:17:00,10.885503560521292
2021-02-16 19:18:00,8.688388869855634
2021-02-16 19:19:00,0.3087884582698101
2021-02-16 19:20:00,-11.824012390476687
2021-02-16 19:21:00,13.294611188496798
2021-02-16 19:22:00,7.127740528045573
2021-02-16 19:23:00,-6.488569387901409
2021-02-16 19:24:00,2.3641174658536164
2021-02-16 19:25:00,11.12106685369402
2021-02-16 19:26:00,0.6877172304432142
2021-02-16 19:27:00,-3.283690529315781
2021-02-16 19:28:00,-7.816401392784307
2021-02-16 19:29:00,4.926959020677119
2021-02-16 19:30:00,-1.7404278044673385
2021-02-16 19:31:00,2.2267119089058096
2021-02-16 19:32:00,7.523551002962707
2021-02-16 19:33:00,15.104831142419574
2021-02-16 19:34:00,1.6972519033438125
2021-02-16 19:35:00,-2.143637706631924
2021-02-16 19:36:00,0.4766931871585139
2021-02-16 19:37:00,2.560425723506187
2021-02-16 19:38:00,12.87488958976808
2021-02-16 19:39:00,-11.590952200619302
2021-02-16 19:40:00,-10.882863719545089
2021-02-16 19:41:00,-10.70129359454618
2021-02-16 19:42:00,-2.3647262516821543
2021-02-16 19:43:00,-2.478022765655993
2021-02-16 19:44:00,-0.8358259734774447
2021-02-16 19:45:00,2.253172552716519
2021-02-16 19:46:00,-3.090994384959148
2021-02-16 19:47:00,-19.06724939617637
2021-02-16 19:48:00,8.686829252197263
2021-02-16 19:49:00,21.465352490597137
2021-02-16 19:50:00,3.871458116420516
2021-02-16 19:51:00,-3.3350535892980084
2021-02-16 19:52:00,0.1301581331324159
2021-02-16 19:53:00,-0.751578041546739
2021-02-16 19:54:00,4.500688719497541
2021-02-16 19:55:00,5.789475096474957
2021-02-16 19:56:00,1.0129796160354407
2021-02-16 19:57:00,5.144651312779287
2021-02-16 19:58:00,3.9491908689521806
2021-02-16 19:59:00,1.2189346261159677
2021-02-16 20:00:00,6.335886913613964
2021-02-16 20:01:00,4.249750853238547
2021-02-16 20:02:00,2.053955718965312
2021-02-16 20:03:00,-9.324210938882308
2021-02-16 20:04:00,-6.729748370515857
2021-02-16 20:05:00,-9.061201179550434
2021-02-16 20:06:00,-1.3809411628079165
2021-02-16 20:07:00,-2.174987948464824
2021-02-16 20:08:00,-1.1612247929535744
2021-02-16 20:09:00,3.3636593453243315
2021-02-16 20:10:00,-11.46410545515313
2021-02-16 20:11:00,8.91299396344698
2021-02-16 20:12:00,2.6369276517036777
2021-02-16 20:13:00,4.881345593136336
2021-02-16 20:14:00,5.336005027305822
2021-02-16 20:15:00,4.224140888267934
2021-02-16 20:16:00,-3.3343639702970926
2021-02-16 20:17:00,11.500996698609626
2021-02-16 20:18:00,-8.929259799498878
2021-02-16 20:19:00,8.219298227324165
2021-02-16 20:20:00,2.8182931634151696
2021-02-16 20:21:00,-8.925160516434772
2021-02-16 20:22:00,0.2696983794652098
2021-02-16 20:23:00,5.392953060116984
2021-02-16 20:24:00,-1.4130193345323565
2021-02-16 20:25:00,-3.584428673191708
2021-02-16 20:26:00,1.2207344688973385
2021-02-16 20:27:00,1.3765731585829188
2021-02-16 20:28:00,-0.779244033690605
2021-02-16 20:29:00,-3.846289364362185
2021-02-16 20:30:00,-8.772217234051357
2021-02-16 20:31:00,0.3315376614751273
2021-02-16 20:32:00,4.900088475920844
2021-02-16 20:33:00,-8.14067334587714
2021-02-16 20:34:00,-8.2805658913905
2021-02-16 20:35:00,-13.425197705985598
2021-02-16 20:36:00,-7.715086529130199
2021-02-16 20:37:00,0.7000528962585313
2021-02-16 20:38:00,-5.50911271054799
2021-02-16 20:39:00,7.636238832718298
2021-02-16 20:40:00,-0.5487725328417135
2021-02-16 20:41:00,8.114400012521957
2021-02-16 20:42:00,9.245941174015044
2021-02-16 20:43:00,-3.80048987043328
2021-02-16 20:44:00,0.5631786861059929
2021-02-16 20:45:00,-2.241634316306576
2021-02-16 20:46:00,4.316970888893996
2021-02-16 20:47:00,8.041250424706515
2021-02-16 20:48:00,1.779654097677212
2021-02-16 20:49:00,1.4709359131619526
2021-02-16 20:50:00,-3.2609793246100542
2021-02-16 20:51:00,-9.12681164192724
2021-02-16 20:52:00,-1.1462349545056485
2021-02-16 20:53:00,-6.405299825489969
2021-02-16 20:54:00,1.9138487236392625
2021-02-16 20:55:00,-6.0498207958875625
2021-02-16 20:56:00,5.340542973732028
2021-02-16 20:57:00,2.0830086050837977
2021-02-16 20:58:00,-3.5288757107254978
2021-02-16 20:59:00,-6.17018937767398
2021-02-16 21:00:00,0.5341148374215915
2021-02-16 21:01:00,1.818653990963906
2021-02-16 21:02:00,10.464999037111667
2021-02-16 21:03:00,8.291977291741244
2021-02-16 21:04:00,7.555143101920375
2021-02-16 21:05:00,6.830110676392115
2021-02-16 21:06:00,10.397278335649853
2021-02-16 21:07:00,1.6008485419754224
2021-02-16 21:08:00,10.144118088047016
2021-02-16 21:09:00,-2.3141179420120337
2021-02-16 21:10:00,10.873971216070547
2021-02-16 21:11:00,5.243476280223046
2021-02-16 21:12:00,1.5896616678762152
2021-02-16 21:13:00,13.64912374493348
2021-02-16 21:14:00,6.464655593313962
2021-02-16 21:15:00,9.659118686888808
2021-02-16 21:16:00,-1.9350875441958384
2021-02-16 21:17:00,-6.8439508230232295
2021-02-16 21:18:00,-8.47686612805173
2021-02-16 21:19:00,8.94541805327888
2021-02-16 21:20:00,3.077932835266572
2021-02-16 21:21:00,-1.9620850618301
2021-02-16 21:22:00,4.526825562108109
2021-02-16 21:23:00,13.753776889882069
2021-02-16 21:24:00,2.2452521797290705
2021-02-16 21:25:00,-1.0397402313850832
2021-02-16 21:26:00,9.195095526950794
2021-02-16 21:27:00,1.2763427046294344
2021-02-16 21:28:00,2.615834875166217
2021-02-16 21:29:00,-8.548377952554945
2021-02-16 21:30:00,0.3827536550831055
2021-02-16 21:31:00,-11.373571781869854
2021-02-16 21:32:00,3.136628796563269
2021-02-16 21:33:00,-5.839668153498938
2021-02-16 21:34:00,-9.39684979994568
2021-02-16 21:35:00,1.6417349633161369
2021-02-16 21:36:00,1.691051492418338
2021-02-16 21:37:00,4.438581441889456
2021-02-16 21:38:00,-4.566716503307447
2021-02-16 21:39:00,-5.265962899441542
2021-02-16 21:40:00,9.073474681451255
2021-02-16 21:41:00,4.617903009585259
2021-02-16 21:42:00,0.012031235624449
2021-02-16 21:43:00,14.12037525012879
2021-02-16 21:44:00,9.949497238605666
2021-02-16 21:45:00,-0.9613459920967712
2021-02-16 21:46:00,3.4865266674631425
2021-02-16 21:47:00,0.6219474199572894
2021-02-16 21:48:00,1.496385477601196
2021-02-16 21:49:00,-4.2397230704846205
2021-02-16 21:50:00,-18.105730510043657
2021-02-16 21:51:00,-5.711457646525
2021-02-16 21:52:00,-1.602698539532052
2021-02-16 21:53:00,-5.217634003276773
2021-02-16 21:54:00,-12.102894571389854
2021-02-16 21:55:00,-0.3763923158272928
2021-02-16 21:56:00,-5.419069038847638
2021-02-16 21:57:00,4.510127393801039
2021-02-16 21:58:00,-9.182952310944842
2021-02-16 21:59:00,-6.545399845704756
2021-02-16 22:00:00,12.13794087194826
2021-02-16 22:01:00,-10.66706974634512
2021-02-16 22:02:00,13.589759379054891
2021-02-16 22:03:00,-14.9444528079728
2021-02-16 22:04:00,5.235393003729941
2021-02-16 22:05:00,-2.982418469099036
2021-02-16 22:06:00,0.0141656678626678
2021-02-16 22:07:00,-5.8998634952092175
2021-02-16 22:08:00,5.123855677031452
2021-02-16 22:09:00,10.489586309712347
2021-02-16 22:10:00,-4.88044287978142
2021-02-16 22:11:00,10.247824710470466
2021-02-16 22:12:00,2.736100349661382
2021-02-16 22:13:00,-8.957632370126133
2021-02-16 22:14:00,7.75778240074373
2021-02-16 22:15:00,3.3049350176197287
2021-02-16 22:16:00,-3.776551413188404
2021-02-16 22:17:00,2.9711554115763383
2021-02-16 22:18:00,2.438722031831082
2021-02-16 22:19:00,-8.036974257385788
2021-02-16 22:20:00,6.847013497752929
2021-02-16 22:21:00,-8.028364362156589
2021-02-16 22:22:00,0.3509059910686873
2021-02-16 22:23:00,8.995577377656373
2021-02-16 22:24:00,2.1984899078132942
2021-02-16 22:25:00,25.48152856573462
2021-02-16 22:26:00,1.2690063257571336
2021-02-16 22:27:00,4.624642852772027
2021-02-16 22:28:00,-4.842620430874771
2021-02-16 22:29:00,0.0970689778957184
2021-02-16 22:30:00,-1.7250066024679556
2021-02-16 22:31:00,4.5309244675919125
2021-02-16 22:32:00,5.636408736482446
2021-02-16 22:33:00,-4.42459370804324
2021-02-16 22:34:00,1.668247188033564
2021-02-16 22:35:00,-13.666991416882334
2021-02-16 22:36:00,-3.495335692281572
2021-02-16 22:37:00,-2.518683999052496
2021-02-16 22:38:00,-6.4066229205225085
2021-02-16 22:39:00,10.541517982608308
2021-02-16 22:40:00,3.23885116985538
2021-02-16 22:41:00,-9.674713210020991
2021-02-16 22:42:00,-2.93976590620805
2021-02-16 22:43:00,8.019038677712148
2021-02-16 22:44:00,-7.781046005007978
2021-02-16 22:45:00,-7.502088437673885
2021-02-16 22:46:00,-7.187572961158477
2021-02-16 22:47:00,-3.900751247124671
2021-02-16 22:48:00,8.329367329166708
2021-02-16 22:49:00,-8.541083769346795
2021-02-16 22:50:00,-5.255679440728182
2021-02-16 22:51:00,1.381830827650933
2021-02-16 22:52:00,-8.874720440767524
2021-02-16 22:53:00,-12.612081701584644
2021-02-16 22:54:00,6.328469274002135
2021-02-16 22:55:00,1.845441428983094
2021-02-16 22:56:00,-11.401290515427185
2021-02-16 22:57:00,-13.224118063330485
2021-02-16 22:58:00,1.544180008900366
2021-02-16 22:59:00,9.981156478376857
2021-02-16 23:00:00,3.104066718404576
2021-02-16 23:01:00,-8.43643252172797
2021-02-16 23:02:00,7.31714553345696
2021-02-16 23:03:00,-8.760129817466863
2021-02-16 23:04:00,-5.622819571410364
2021-02-16 23:05:00,10.89955248495718
2021-02-16 23:06:00,0.4659953442676927
2021-02-16 23:07:00,-9.394816280200802
2021-02-16 23:08:00,-5.647926005480718
2021-02-16 23:09:00,1.8322790524590336
2021-02-16 23:10:00,2.4752872283789733
2021-02-16 23:11:00,-3.985016456159799
2021-02-16 23:12:00,-3.988309167886259
2021-02-16 23:13:00,-14.872669351326474
2021-02-16 23:14:00,10.934245494639232
2021-02-16 23:15:00,8.629453510889299
2021-02-16 23:16:00,0.9456123474323794
2021-02-16 23:17:00,-7.418842219048194
2021-02-16 23:18:00,1.7967290020678457
2021-02-16 23:19:00,4.196549614791152
2021-02-16 23:20:00,5.74297105744526
2021-02-16 23:21:00,-2.6445125127243854
2021-02-16 23:22:00,4.650741789162929
2021-02-16 23:23:00,-10.345039487273
2021-02-16 23:24:00,-3.439436297156484
2021-02-16 23:25:00,8.700576563594154
2021-02-16 23:26:00,1.3255579471271306
2021-02-16 23:27:00,-10.475571879895854
2021-02-16 23:28:00,-1.6465679414503245
2021-02-16 23:29:00,11.942550964518382
2021-02-16 23:30:00,-4.381916886244733
2021-02-16 23:31:00,-2.482931855929925
2021-02-16 23:32:00,-0.1720823508852936
2021-02-16 23:33:00,-9.01190696194645
2021-02-16 23:34:00,11.243880559605165
2021-02-16 23:35:00,14.164793805196066
2021-02-16 23:36:00,0.7504278192025009
2021-02-16 23:37:00,-7.720918375040622
2021-02-16 23:38:00,0.8147716859120315
2021-02-16 23:39:00,-8.69155048872558
2021-02-16 23:40:00,3.737511574498706
2021-02-16 23:41:00,-10.683396316323217
2021-02-16 23:42:00,-12.18782120219355
2021-02-16 23:43:00,-6.218474681040467
2021-02-16 23:44:00,1.0549288034766002
2021-02-16 23:45:00,9.417899728697249
2021-02-16 23:46:00,-5.8709752129448525
2021-02-16 23:47:00,-8.527639170668257
2021-02-16 23:48:00,-9.935957817014998
2021-02-16 23:49:00,2.654367741229098
2021-02-16 23:50:00,15.26550430411628
2021-02-16 23:51:00,-8.570704859437761
2021-02-16 23:52:00,10.343851259679248
2021-02-16 23:53:00,-3.319225260273789
2021-02-16 23:54:00,-5.9154637282575
2021-02-16 23:55:00,-5.968240108751557
2021-02-16 23:56:00,-8.32022128439592
2021-02-16 23:57:00,6.042839786802842
2021-02-16 23:58:00,15.65791443209343
2021-02-16 23:59:00,5.370363763972589
2021-02-17 00:00:00,-5.263107844911289
2021-02-17 00:00:00,1.739976044909554
2021-02-17 00:01:00,-0.2282401869982612
2021-02-17 00:02:00,-2.73148039822181
2021-02-17 00:03:00,0.979629784002233
2021-02-17 00:04:00,-1.3945771060142529
2021-02-17 00:05:00,2.130370438581003
2021-02-17 00:06:00,-7.0788271372616585
2021-02-17 00:07:00,-4.297032958808989
2021-02-17 00:08:00,12.405562375333895
2021-02-17 00:09:00,5.848778439827354
2021-02-17 00:10:00,-3.1598304098964936
2021-02-17 00:11:00,4.149086931592312
2021-02-17 00:12:00,-1.3743399468604416
2021-02-17 00:13:00,-1.2781175226705144
2021-02-17 00:14:00,-2.1977736775085623
2021-02-17 00:15:00,-0.2793282174141074
2021-02-17 00:16:00,13.346013560720657
2021-02-17 00:17:00,-3.257120582085604
2021-02-17 00:18:00,5.594269425605729
2021-02-17 00:19:00,5.578498964422108
2021-02-17 00:20:00,0.1066853669761512
2021-02-17 00:21:00,5.6411600583817485
2021-02-17 00:22:00,12.46960616060618
2021-02-17 00:23:00,-3.4674447003289117
2021-02-17 00:24:00,6.335984606099917
2021-02-17 00:25:00,4.341326470892717
2021-02-17 00:26:00,4.592913723417384
2021-02-17 00:27:00,-5.528802998673042
2021-02-17 00:28:00,-0.1716346918807245
2021-02-17 00:29:00,-11.689390895171314
2021-02-17 00:30:00,1.868317399852614
2021-02-17 00:31:00,13.513867483480004
2021-02-17 00:32:00,2.7841941468551696
2021-02-17 00:33:00,-5.421231577169476
2021-02-17 00:34:00,2.0419912325090577
2021-02-17 00:35:00,2.45679345701431
2021-02-17 00:36:00,-5.336662912011313
2021-02-17 00:37:00,4.027066353420632
2021-02-17 00:38:00,-9.10388435137794
2021-02-17 00:39:00,-2.014159943608989
2021-02-17 00:40:00,3.4548732811634597
2021-02-17 00:41:00,-2.745428227241112
2021-02-17 00:42:00,3.577770480293376
2021-02-17 00:43:00,2.2012938357005494
2021-02-17 00:44:00,1.2788057299787408
2021-02-17 00:45:00,20.370784036482
2021-02-17 00:46:00,-3.3282250807395983
2021-02-17 00:47:00,0.2649550758519993
2021-02-17 00:48:00,-4.526547828005532
2021-02-17 00:49:00,-2.030853804843656
2021-02-17 00:50:00,-3.451429500352527
2021-02-17 00:51:00,7.708505269317948
2021-02-17 00:52:00,-18.44502333701474
2021-02-17 00:53:00,-10.446044305975445
2021-02-17 00:54:00,14.070821040838634
2021-02-17 00:55:00,-17.491561358330134
2021-02-17 00:56:00,2.3726507759753708
2021-02-17 00:57:00,13.22809345183552
2021-02-17 00:58:00,-9.433004996422053
2021-02-17 00:59:00,-7.472434564443041
2021-02-17 01:00:00,-2.5961264753701325
2021-02-17 01:01:00,-3.434345645176091
2021-02-17 01:02:00,8.850733892897553
2021-02-17 01:03:00,2.1440137529820955
2021-02-17 01:04:00,5.704925524533168
2021-02-17 01:05:00,10.889103090774643
2021-02-17 01:06:00,-5.9717016590162455
2021-02-17 01:07:00,1.5725249902366405
2021-02-17 01:08:00,6.307510079827146
2021-02-17 01:09:00,8.525001115334492
2021-02-17 01:10:00,-1.6803642185309946
2021-02-17 01:11:00,-8.900475896406862
2021-02-17 01:12:00,-7.985885970830553
2021-02-17 01:13:00,-1.671337283465033
2021-02-17 01:14:00,-6.958120111911603
2021-02-17 01:15:00,6.1934494341455455
2021-02-17 01:16:00,3.001883744014844
2021-02-17 01:17:00,-7.705098051706171
2021-02-17 01:18:00,-12.851563974783778
2021-02-17 01:19:00,-5.308069753334914
2021-02-17 01:20:00,2.784510526113728
2021-02-17 01:21:00,-1.556583114377521
2021-02-17 01:22:00,0.955137805569505
2021-02-17 01:23:00,-0.1117992268174032
2021-02-17 01:24:00,0.7981469374293695
2021-02-17 01:25:00,-1.8134529766914576
2021-02-17 01:26:00,9.255306891004688
2021-02-17 01:27:00,2.170142391596602
2021-02-17 01:28:00,-2.642303240241704
2021-02-17 01:29:00,7.247792035153973
2021-02-17 01:30:00,-8.233446136272631
2021-02-17 01:31:00,14.965085967628816
2021-02-17 01:32:00,0.7273878380572384
2021-02-17 01:33:00,-16.431500703123717
2021-02-17 01:34:00,-0.2714161557144989
2021-02-17 01:35:00,-5.752598339102631
2021-02-17 01:36:00,-8.161465994697455
2021-02-17 01:37:00,0.8680264881463354
2021-02-17 01:38:00,-0.9553693368361104
2021-02-17 01:39:00,13.412981568694054
2021-02-17 01:40:00,5.095672281891639
2021-02-17 01:41:00,7.663101570372438
2021-02-17 01:42:00,3.008332003736666
2021-02-17 01:43:00,2.515193584315549
2021-02-17 01:44:00,-4.393592279091774
2021-02-17 01:45:00,-7.749446911676355
2021-02-17 01:46:00,11.578889623689925
2021-02-17 01:47:00,-2.7030294978617686
2021-02-17 01:48:00,1.5133787306580897
2021-02-17 01:49:00,8.296223381334308
2021-02-17 01:50:00,9.731246630970356
2021-02-17 01:51:00,-4.105546688395064
2021-02-17 01:52:00,-6.601981298023512
2021-02-17 01:53:00,1.799631745049659
2021-02-17 01:54:00,5.689495719935996
2021-02-17 01:55:00,-7.698447882768175
2021-02-17 01:56:00,1.1327550346711202
2021-02-17 01:57:00,9.20872677636768
2021-02-17 01:58:00,-3.03290842416212
2021-02-17 01:59:00,2.928812820852762
2021-02-17 02:00:00,-5.352350061158356
2021-02-17 02:01:00,-3.1602227963019165
2021-02-17 02:02:00,-0.3196857161387998
2021-02-17 02:03:00,-1.9184344429196565
2021-02-17 02:04:00,4.54265917412816
2021-02-17 02:05:00,0.2377663453220255
2021-02-17 02:06:00,-3.989882715309594
2021-02-17 02:07:00,0.5957596933852514
2021-02-17 02:08:00,-8.325471355029688
2021-02-17 02:09:00,11.86975568063227
2021-02-17 02:10:00,8.87749247973722
2021-02-17 02:11:00,1.9435495260500764
2021-02-17 02:12:00,10.855212519341928
2021-02-17 02:13:00,5.933134781800982
2021-02-17 02:14:00,-6.679934880194132
2021-02-17 02:15:00,2.55722141351287
2021-02-17 02:16:00,2.716323392035781
2021-02-17 02:17:00,-5.455426774333231
2021-02-17 02:18:00,10.853792699313615
2021-02-17 02:19:00,4.159380431928772
2021-02-17 02:20:00,6.100734095340226
2021-02-17 02:21:00,2.5727088005694565
2021-02-17 02:22:00,4.0061243489300615
2021-02-17 02:23:00,3.94222283136117
2021-02-17 02:24:00,5.085625881894973
2021-02-17 02:25:00,-1.4399847239735113
2021-02-17 02:26:00,3.059911992071013
2021-02-17 02:27:00,-6.069977172009882
2021-02-17 02:28:00,7.894024071005914
2021-02-17 02:29:00,-0.5411895376083911
2021-02-17 02:30:00,2.7138174961181183
2021-02-17 02:31:00,-13.943702205670148
2021-02-17 02:32:00,6.83567154067428
2021-02-17 02:33:00,-5.491898409920776
2021-02-17 02:34:00,-13.460020960398356
2021-02-17 02:35:00,-0.6968173975828984
2021-02-17 02:36:00,-7.062824147138223
2021-02-17 02:37:00,-4.642411570418442
2021-02-17 02:38:00,-0.4093389679337371
2021-02-17 02:39:00,10.41635795990866
2021-02-17 02:40:00,10.830116847627986
2021-02-17 02:41:00,2.506286508587678
2021-02-17 02:42:00,-7.636240216416164
2021-02-17 02:43:00,0.4697453357536277
2021-02-17 02:44:00,6.050495041075166
2021-02-17 02:45:00,3.74252684303577
2021-02-17 02:46:00,9.24026865263608
2021-02-17 02:47:00,0.04251559814149
2021-02-17 02:48:00,-3.898945152676907
2021-02-17 02:49:00,3.4138987272217376
2021-02-17 02:50:00,-9.820948716333682
2021-02-17 02:51:00,-6.308722024652408
2021-02-17 02:52:00,-18.53906512789283
2021-02-17 02:53:00,-3.941800967711185
2021-02-17 02:54:00,0.6500491584802562
2021-02-17 02:55:00,-0.6838081917450751
2021-02-17 02:56:00,-3.266656551337941
2021-02-17 02:57:00,1.9864903200924584
2021-02-17 02:58:00,-0.3156133866689856
2021-02-17 02:59:00,-0.9358987931153472
2021-02-17 03:00:00,3.507972530266714
2021-02-17 03:01:00,-5.613263712605232
2021-02-17 03:02:00,-10.580379027578935
2021-02-17 03:03:00,0.3974387299281887
2021-02-17 03:04:00,5.978600741032926
2021-02-17 03:05:00,4.571923141157796
2021-02-17 03:06:00,2.407361115276777
2021-02-17 03:07:00,-1.9205942221380876
2021-02-17 03:08:00,8.276292997142226
2021-02-17 03:09:00,2.4208527238879416
2021-02-17 03:10:00,2.429264554334183
2021-02-17 03:11:00,8.65575222729312
2021-02-17 03:12:00,2.196304431254522
2021-02-17 03:13:00,-1.083862451277143
2021-02-17 03:14:00,-4.310669306951143
2021-02-17 03:15:00,-0.873489493112144
2021-02-17 03:16:00,-3.2759157454853365
2021-02-17 03:17:00,-5.313387005290814
2021-02-17 03:18:00,5.329982873019212
2021-02-17 03:19:00,-0.7712754168365963
2021-02-17 03:20:00,4.3786550222908
2021-02-17 03:21:00,-5.416105985014088
2021-02-17 03:22:00,2.5721987435811067
2021-02-17 03:23:00,-4.9645588747814
2021-02-17 03:24:00,-6.501599051941618
2021-02-17 03:25:00,7.079693402148287
2021-02-17 03:26:00,1.8548783213031257
2021-02-17 03:27:00,3.418588114907493
2021-02-17 03:28:00,-3.3675073790341785
2021-02-17 03:29:00,-1.167897688438094
2021-02-17 03:30:00,-8.765780229488328
2021-02-17 03:31:00,-6.537903138352796
2021-02-17 03:32:00,1.7806715514124545
2021-02-17 03:33:00,-5.372997622074509
2021-02-17 03:34:00,21.449440120976305
2021-02-17 03:35:00,5.488094171543878
2021-02-17 03:36:00,12.308925885591128
2021-02-17 03:37:00,1.3548007794220231
2021-02-17 03:38:00,-5.421909880277164
2021-02-17 03:39:00,-2.2805347917015304
2021-02-17 03:40:00,4.237528090271216
2021-02-17 03:41:00,-0.5648933661304358
2021-02-17 03:42:00,-7.285412450956167
2021-02-17 03:43:00,8.499139563483661
2021-02-17 03:44:00,3.366133964311339
2021-02-17 03:45:00,-3.997986374775136
2021-02-17 03:46:00,3.743032080463193
2021-02-17 03:47:00,-9.166436723267172
2021-02-17 03:48:00,14.198829569012554
2021-02-17 03:49:00,5.829790445921766
2021-02-17 03:50:00,1.3268428895788904
2021-02-17 03:51:00,4.697026230000535
2021-02-17 03:52:00,5.131011711832411
2021-02-17 03:53:00,-18.758003952576622
2021-02-17 03:54:00,-7.07812036630887
2021-02-17 03:55:00,-5.504946066159755
2021-02-17 03:56:00,-12.737132846357488
2021-02-17 03:57:00,-3.7126523399503575
2021-02-17 03:58:00,2.382542840935649
2021-02-17 03:59:00,5.372754596083903
2021-02-17 04:00:00,-4.376911358061395
2021-02-17 04:01:00,1.0211157940809032
2021-02-17 04:02:00,0.7507701208653916
2021-02-17 04:03:00,-8.980386599508659
2021-02-17 04:04:00,-1.7039696229827523
2021-02-17 04:05:00,13.178316270462467
2021-02-17 04:06:00,-0.3530440832726194
2021-02-17 04:07:00,-17.364428277027333
2021-02-17 04:08:00,-6.534527486055199
2021-02-17 04:09:00,-0.6363356867185006
2021-02-17 04:10:00,-3.4758766232602434
2021-02-17 04:11:00,-8.17614807871501
2021-02-17 04:12:00,-5.629090863112454
2021-02-17 04:13:00,-1.6829843415586008
2021-02-17 04:14:00,-4.314048780485512
2021-02-17 04:15:00,4.389315974988987
2021-02-17 04:16:00,4.326813223032971
2021-02-17 04:17:00,2.615156843904075
2021-02-17 04:18:00,1.191090926073764
2021-02-17 04:19:00,0.7239614912429512
2021-02-17 04:20:00,3.876231847262389
2021-02-17 04:21:00,0.309166181370503
2021-02-17 04:22:00,-6.532903384581351
2021-02-17 04:23:00,7.675066020752798
2021-02-17 04:24:00,5.584070361755552
2021-02-17 04:25:00,-5.029554308642528
2021-02-17 04:26:00,1.4539377858553162
2021-02-17 04:27:00,-5.221061743465315
2021-02-17 04:28:00,0.4957355452303253
2021-02-17 04:29:00,-0.6432754483869083
2021-02-17 04:30:00,-7.202364021361143
2021-02-17 04:31:00,0.4182266350744451
2021-02-17 04:32:00,-2.202398836421237
2021-02-17 04:33:00,-6.017273029283073
2021-02-17 04:34:00,-6.623558784647242
2021-02-17 04:35:00,6.830296696909421
2021-02-17 04:36:00,5.568404785675014
2021-02-17 04:37:00,-8.44522012741095
2021-02-17 04:38:00,-7.222142233049643
2021-02-17 04:39:00,0.6687612745845588
2021-02-17 04:40:00,1.121264869230937
2021-02-17 04:41:00,-1.5565686811336672
2021-02-17 04:42:00,-4.553171240100474
2021-02-17 04:43:00,6.197164418980757
2021-02-17 04:44:00,-8.503279920429142
2021-02-17 04:45:00,-2.9908317244098743
2021-02-17 04:46:00,3.747505762292325
2021-02-17 04:47:00,-2.8497553726006783
2021-02-17 04:48:00,-21.30687656585118
2021-02-17 04:49:00,14.017312360504768
2021-02-17 04:50:00,4.819272278004641
2021-02-17 04:51:00,4.72207093793324
2021-02-17 04:52:00,-5.496978128614579
2021-02-17 04:53:00,-1.6203142435068902
2021-02-17 04:54:00,6.864806048870399
2021-02-17 04:55:00,1.411368986135766
2021-02-17 04:56:00,21.206473603258694
2021-02-17 04:57:00,0.5488157992012881
2021-02-17 04:58:00,3.673405997085816
2021-02-17 04:59:00,-2.8947935728264964
2021-02-17 05:00:00,0.2333979978049614
2021-02-17 05:01:00,-6.647148104332208
2021-02-17 05:02:00,-1.2840146933491132
2021-02-17 05:03:00,-2.3839835355747603
2021-02-17 05:04:00,7.412058036660941
2021-02-17 05:05:00,-2.6175055762375075
2021-02-17 05:06:00,1.35070012991181
2021-02-17 05:07:00,-3.5517505062634886
2021-02-17 05:08:00,-3.1382593101010507
2021-02-17 05:09:00,2.9127459376206195
2021-02-17 05:10:00,3.194160479242351
2021-02-17 05:11:00,2.1877430986094235
2021-02-17 05:12:00,-1.882623050462524
2021-02-17 05:13:00,2.573077931162397
2021-02-17 05:14:00,2.7195364270176734
2021-02-17 05:15:00,-2.189140861604808
2021-02-17 05:16:00,-7.325714546621119
2021-02-17 05:17:00,0.4264569892491291
2021-02-17 05:18:00,-5.760924790891119
2021-02-17 05:19:00,-2.3935027220624305
2021-02-17 05:20:00,-11.1545250220069
2021-02-17 05:21:00,6.845023144507048
2021-02-17 05:22:00,2.882738324598663
2021-02-17 05:23:00,-1.966241929332805
2021-02-17 05:24:00,10.706976504581323
2021-02-17 05:25:00,7.185530153598714
2021-02-17 05:26:00,-2.1699764683856904
2021-02-17 05:27:00,0.6613659859991872
2021-02-17 05:28:00,2.450775201537112
2021-02-17 05:29:00,0.5516096054055488
2021-02-17 05:30:00,-3.792532775371265
2021-02-17 05:31:00,6.950947178128216
2021-02-17 05:32:00,3.902489345850769
2021-02-17 05:33:00,0.9513380690883956
2021-02-17 05:34:00,10.54786785463812
2021-02-17 05:35:00,5.918930256787762
2021-02-17 05:36:00,12.74757010210936
2021-02-17 05:37:00,-4.217412718768262
2021-02-17 05:38:00,5.66230289227331
2021-02-17 05:39:00,2.7102624379992526
2021-02-17 05:40:00,-2.547152350979227
2021-02-17 05:41:00,-1.0440820976740923
2021-02-17 05:42:00,-11.391443821679108
2021-02-17 05:43:00,10.556224756394634
2021-02-17 05:44:00,0.2353813638720419
2021-02-17 05:45:00,-8.628161211455275
2021-02-17 05:46:00,-2.2735501865134853
2021-02-17 05:47:00,5.758897807445278
2021-02-17 05:48:00,-4.186904096545096
2021-02-17 05:49:00,-6.187859484249275
2021-02-17 05:50:00,14.491791920500312
2021-02-17 05:51:00,7.065848836960383
2021-02-17 05:52:00,3.038621092333424
2021-02-17 05:53:00,-0.1058491289833747
2021-02-17 05:54:00,2.5793721842802486
2021-02-17 05:55:00,-3.598083477084131
2021-02-17 05:56:00,0.9316792975826388
2021-02-17 05:57:00,-3.313183352079025
2021-02-17 05:58:00,-1.7109086312238837
2021-02-17 05:59:00,4.880379660362923
2021-02-17 06:00:00,-1.3915147752432326
2021-02-17 06:01:00,7.435121017252817
2021-02-17 06:02:00,1.7585526011955668
2021-02-17 06:03:00,-2.647954113237467
2021-02-17 06:04:00,-5.065245622467469
2021-02-17 06:05:00,11.693914741273671
2021-02-17 06:06:00,-8.027552700058912
2021-02-17 06:07:00,4.736663844037141
2021-02-17 06:08:00,-3.092967981790838
2021-02-17 06:09:00,-1.3175262804434626
2021-02-17 06:10:00,-3.717681382574923
2021-02-17 06:11:00,-5.872559904274894
2021-02-17 06:12:00,-3.498665577641478
2021-02-17 06:13:00,4.881506194202267
2021-02-17 06:14:00,-12.323951981840311
2021-02-17 06:15:00,3.721377297923792
2021-02-17 06:16:00,-5.024722856517876
2021-02-17 06:17:00,1.3826043524316185
2021-02-17 06:18:00,-3.76925294796754
2021-02-17 06:19:00,-3.09213520053378
2021-02-17 06:20:00,5.36372340462766
2021-02-17 06:21:00,9.598308153722634
2021-02-17 06:22:00,-1.7493581106236196
2021-02-17 06:23:00,-1.872888916310496
2021-02-17 06:24:00,6.697463738547508
2021-02-17 06:25:00,12.932137276236716
2021-02-17 06:26:00,-6.281243908308266
2021-02-17 06:27:00,12.117698399471662
2021-02-17 06:28:00,-16.20672301316992
2021-02-17 06:29:00,-3.2996737511577883
2021-02-17 06:30:00,5.536686370012777
2021-02-17 06:31:00,10.636332369279764
2021-02-17 06:32:00,10.224503424880323
2021-02-17 06:33:00,5.193554379379961
2021-02-17 06:34:00,1.8902562285212483
2021-02-17 06:35:00,9.43585186823318
2021-02-17 06:36:00,-11.720013371366504
2021-02-17 06:37:00,0.7620926827633588
2021-02-17 06:38:00,0.8758981695700652
2021-02-17 06:39:00,9.954892343347868
2021-02-17 06:40:00,-0.7786484115882164
2021-02-17 06:41:00,-11.354107442569957
2021-02-17 06:42:00,6.024780469838738
2021-02-17 06:43:00,-9.434640769618465
2021-02-17 06:44:00,7.877020295054644
2021-02-17 06:45:00,1.2228842998625955
2021-02-17 06:46:00,-6.74469718466151
2021-02-17 06:47:00,-5.9237839538649535
2021-02-17 06:48:00,-3.608257352000847
2021-02-17 06:49:00,1.4701400766545456
2021-02-17 06:50:00,-5.513808005885142
2021-02-17 06:51:00,-5.463018467883197
2021-02-17 06:52:00,-1.0800656553359722
2021-02-17 06:53:00,-12.581995208783496
2021-02-17 06:54:00,-4.720060827529412
2021-02-17 06:55:00,0.1611576893623807
2021-02-17 06:56:00,-0.1546506053641825
2021-02-17 06:57:00,2.3458434544477687
2021-02-17 06:58:00,-4.223546239316811
2021-02-17 06:59:00,3.8787068802159768
2021-02-17 07:00:00,11.602237598113897
2021-02-17 07:01:00,-8.63033573110684
2021-02-17 07:02:00,5.971519779156491
2021-02-17 07:03:00,12.229252367919267
2021-02-17 07:04:00,0.4912587746087801
2021-02-17 07:05:00,-7.970284239718252
2021-02-17 07:06:00,1.2023984405899824
2021-02-17 07:07:00,-1.2406967856421305
2021-02-17 07:08:00,2.193425788708632
2021-02-17 07:09:00,0.8302312027911927
2021-02-17 07:10:00,-9.37609529318546
2021-02-17 07:11:00,7.326024818978837
2021-02-17 07:12:00,8.183470156169259
2021-02-17 07:13:00,2.282469380870197
2021-02-17 07:14:00,2.361888783691869
2021-02-17 07:15:00,-3.888497262537222
2021-02-17 07:16:00,15.094702799753955
2021-02-17 07:17:00,-15.374879235849155
2021-02-17 07:18:00,8.128478535612777
2021-02-17 07:19:00,6.384571523240256
2021-02-17 07:20:00,-4.18799872324497
2021-02-17 07:21:00,-4.176639763199194
2021-02-17 07:22:00,-5.323932616810611
2021-02-17 07:23:00,0.574323272163463
2021-02-17 07:24:00,3.100793080282854
2021-02-17 07:25:00,6.89959551258379
2021-02-17 07:26:00,7.067142000252231
2021-02-17 07:27:00,2.587904578528604
2021-02-17 07:28:00,0.5325594584045249
2021-02-17 07:29:00,8.167280612542084
2021-02-17 07:30:00,2.835736564532544
2021-02-17 07:31:00,5.578331799125076
2021-02-17 07:32:00,2.056557538051096
2021-02-17 07:33:00,14.888019683950612
2021-02-17 07:34:00,2.4402879126407253
2021-02-17 07:35:00,-4.25307134258143
2021-02-17 07:36:00,6.535112142064513
2021-02-17 07:37:00,1.715352726229077
2021-02-17 07:38:00,-0.1934355529636718
2021-02-17 07:39:00,-0.9074252878249188
2021-02-17 07:40:00,3.387386095351422
2021-02-17 07:41:00,5.913358727222631
2021-02-17 07:42:00,-13.653606955932151
2021-02-17 07:43:00,0.0838427027869626
2021-02-17 07:44:00,2.032235002447985
2021-02-17 07:45:00,2.8747044586105344
2021-02-17 07:46:00,-4.401318477732112
2021-02-17 07:47:00,-7.808394139582793
2021-02-17 07:48:00,5.413033464715626
2021-02-17 07:49:00,-7.956108959203435
2021-02-17 07:50:00,7.601324129542984
2021-02-17 07:51:00,-1.3556160213339097
2021-02-17 07:52:00,-4.862295089551845
2021-02-17 07:53:00,-12.416072856031994
2021-02-17 07:54:00,-9.526597233429252
2021-02-17 07:55:00,-4.727739470591517
2021-02-17 07:56:00,-4.797938537340775
2021-02-17 07:57:00,-10.070062165157104
2021-02-17 07:58:00,-7.161638491295276
2021-02-17 07:59:00,-4.083945241397416
2021-02-17 08:00:00,7.76176247315173
2021-02-17 08:01:00,1.8941921098492351
2021-02-17 08:02:00,-3.4579634218002746
2021-02-17 08:03:00,0.5900509230280767
2021-02-17 08:04:00,5.428942021215914
2021-02-17 08:05:00,-0.0755100866167949
2021-02-17 08:06:00,6.584914068827334
2021-02-17 08:07:00,15.031795867945824
2021-02-17 08:08:00,4.059795959094246
2021-02-17 08:09:00,-3.440485743698695
2021-02-17 08:10:00,-7.85094449555384
2021-02-17 08:11:00,6.969619174471065
2021-02-17 08:12:00,-2.2098567042938697
2021-02-17 08:13:00,17.486720177022267
2021-02-17 08:14:00,-3.707633708387673
2021-02-17 08:15:00,-2.014271131121373
2021-02-17 08:16:00,-2.3058938019185877
2021-02-17 08:17:00,-2.8635338438145923
2021-02-17 08:18:00,1.630648232271516
2021-02-17 08:19:00,4.187692389458114
2021-02-17 08:20:00,-0.950194637606144
2021-02-17 08:21:00,-20.48499083582636
2021-02-17 08:22:00,19.975361511478745
2021-02-17 08:23:00,-13.72455736959669
2021-02-17 08:24:00,11.848461288516113
2021-02-17 08:25:00,2.4303709888449263
2021-02-17 08:26:00,7.759835152977754
2021-02-17 08:27:00,3.306369024738069
2021-02-17 08:28:00,2.158656596631228
2021-02-17 08:29:00,0.0686057672325552
2021-02-17 08:30:00,-7.773985704599951
2021-02-17 08:31:00,0.4681895899471441
2021-02-17 08:32:00,4.97056782067776
2021-02-17 08:33:00,-0.657006710874096
2021-02-17 08:34:00,-5.023198227519353
2021-02-17 08:35:00,-5.294654600526252
2021-02-17 08:36:00,-2.3047054133454825
2021-02-17 08:37:00,-3.6968688458154646
2021-02-17 08:38:00,-0.6815744251976721
2021-02-17 08:39:00,9.48681155261811
2021-02-17 08:40:00,-0.8112018026369239
2021-02-17 08:41:00,16.3233725527215
2021-02-17 08:42:00,-0.6420254111463641
2021-02-17 08:43:00,4.1952412074235
2021-02-17 08:44:00,-1.6189309979661235
2021-02-17 08:45:00,4.334478381060928
2021-02-17 08:46:00,1.3127437376868036
2021-02-17 08:47:00,16.64586658377226
2021-02-17 08:48:00,-9.26016709928341
2021-02-17 08:49:00,29.08077443874995
2021-02-17 08:50:00,-8.001666332434745
2021-02-17 08:51:00,-16.552765259876686
2021-02-17 08:52:00,5.750826518135401
2021-02-17 08:53:00,-15.498345258791268
2021-02-17 08:54:00,1.0525080887730975
2021-02-17 08:55:00,2.179803324263715
2021-02-17 08:56:00,-10.286304030684471
2021-02-17 08:57:00,5.615473658095857
2021-02-17 08:58:00,9.828023810601463
2021-02-17 08:59:00,-2.3816443794848245
2021-02-17 09:00:00,-1.148558434857385
2021-02-17 09:01:00,11.167954085473673
2021-02-17 09:02:00,4.355509971943609
2021-02-17 09:03:00,1.4328663839380211
2021-02-17 09:04:00,-10.26087899017445
2021-02-17 09:05:00,0.2334367554399519
2021-02-17 09:06:00,-1.568432350007024
2021-02-17 09:07:00,2.590929892996364
2021-02-17 09:08:00,3.1855777536161853
2021-02-17 09:09:00,7.773131450621193
2021-02-17 09:10:00,11.35854859297674
2021-02-17 09:11:00,1.9454309609192448
2021-02-17 09:12:00,-4.090922564651445
2021-02-17 09:13:00,7.143933508567949
2021-02-17 09:14:00,-4.479579354951866
2021-02-17 09:15:00,-0.020654445349453
2021-02-17 09:16:00,4.276295914311584
2021-02-17 09:17:00,4.707509153164009
2021-02-17 09:18:00,-5.965127081103683
2021-02-17 09:19:00,-9.64761849669453
2021-02-17 09:20:00,10.151535945791776
2021-02-17 09:21:00,2.6770729442155794
2021-02-17 09:22:00,3.362389682791348
2021-02-17 09:23:00,-1.3249228396328143
2021-02-17 09:24:00,15.081568264796005
2021-02-17 09:25:00,1.652460713751682
2021-02-17 09:26:00,-7.328218955414272
2021-02-17 09:27:00,-3.78004738719696
2021-02-17 09:28:00,0.7809025478034561
2021-02-17 09:29:00,-7.32131163163575
2021-02-17 09:30:00,11.899525039959096
2021-02-17 09:31:00,-1.3045118334193675
2021-02-17 09:32:00,6.282576267983604
2021-02-17 09:33:00,-3.0304147521527773
2021-02-17 09:34:00,7.0748861423191
2021-02-17 09:35:00,-6.050717435565801
2021-02-17 09:36:00,2.610012594571284
2021-02-17 09:37:00,-21.25251843903694
2021-02-17 09:38:00,-12.981538829905968
2021-02-17 09:39:00,-4.071548470947963
2021-02-17 09:40:00,7.143297052653843
2021-02-17 09:41:00,-0.381225146859715
2021-02-17 09:42:00,-4.253793830737388
2021-02-17 09:43:00,7.769510911645526
2021-02-17 09:44:00,-9.124196012923097
2021-02-17 09:45:00,4.414811659061236
2021-02-17 09:46:00,1.2016232838459535
